﻿<?xml version="1.0" encoding="utf-8"?>
<ImportExportXml version="9.0.0001.0045" SolutionPackageVersion="9.0" languagecode="1033" generatedBy="OnPremise" xmlns:xsi="http://www.w3.org/2001/XMLSchema-instance">
  <SolutionManifest>
    <UniqueName>ChannelIntegrationFrameworkV2</UniqueName>
    <LocalizedNames>
      <LocalizedName description="Channel Integration Framework version 2.0" languagecode="1033" />
      <LocalizedName description="الإصدار 2.0 لإطار عمل تكامل القناة‬" languagecode="1025" />
      <LocalizedName description="Рамка за интеграция на канал, версия 2.0" languagecode="1026" />
      <LocalizedName description="Marc d’integració del canal versió 2.0" languagecode="1027" />
      <LocalizedName description="Integrační architektura kanálu verze 2.0" languagecode="1029" />
      <LocalizedName description="Kanalintegrationsstruktur, version 2.0" languagecode="1030" />
      <LocalizedName description="Framework zur Kanalintegration Version 2.0" languagecode="1031" />
      <LocalizedName description="Πλαίσιο ενοποίησης καναλιών - έκδοση 2.0" languagecode="1032" />
      <LocalizedName description="Marco de integración de canal versión 2.0" languagecode="3082" />
      <LocalizedName description="Kanali integreerimisraamistik, versioon 2.0" languagecode="1061" />
      <LocalizedName description="Kanal-integrazioaren markoaren 2.0 bertsioa" languagecode="1069" />
      <LocalizedName description="Kanavien integraatiokehys, versio 2.0" languagecode="1035" />
      <LocalizedName description="Environnement d’intégration du canal version 2.0" languagecode="1036" />
      <LocalizedName description="Marco de integración da canle versión 2.0" languagecode="1110" />
      <LocalizedName description="‏‫מסגרת שילוב ערוץ‬ גירסה 2.0" languagecode="1037" />
      <LocalizedName description="चैनल एकीकरण ढांचा संस्करण 2.0" languagecode="1081" />
      <LocalizedName description="Okvir integracije kanala verzije 2.0" languagecode="1050" />
      <LocalizedName description="Csatornaintegrációs keretrendszer 2.0-s verzió" languagecode="1038" />
      <LocalizedName description="Kerangka Kerja Integrasi Saluran versi 2.0" languagecode="1057" />
      <LocalizedName description="Framework di integrazione canale versione 2.0" languagecode="1040" />
      <LocalizedName description="チャネル統合フレームワーク バージョン 2.0" languagecode="1041" />
      <LocalizedName description="Арнаны біріктіру платформасының 2.0 нұсқасы" languagecode="1087" />
      <LocalizedName description="채널 통합 프레임워크 버전 2.0" languagecode="1042" />
      <LocalizedName description="Kanalų integravimo sistemos 2.0 versija" languagecode="1063" />
      <LocalizedName description="Kanāla integrācijas struktūras versija 2.0" languagecode="1062" />
      <LocalizedName description="Rangka Kerja Penyepaduan Saluran versi 2.0" languagecode="1086" />
      <LocalizedName description="Rammeverk for kanalintegrering versjon 2.0" languagecode="1044" />
      <LocalizedName description="Kanaalintegratieframework versie 2.0" languagecode="1043" />
      <LocalizedName description="Narzędzia integracji kanału w wersji 2.0" languagecode="1045" />
      <LocalizedName description="Estrutura de Integração de Canal versão 2.0" languagecode="1046" />
      <LocalizedName description="Estrutura de Integração de Canais versão 2.0" languagecode="2070" />
      <LocalizedName description="Cadru de lucru pentru integrarea canalelor versiunea 2.0" languagecode="1048" />
      <LocalizedName description="Инфраструктура интеграции каналов, версия 2.0" languagecode="1049" />
      <LocalizedName description="Architektúra na integráciu kanálov, verzia 2.0" languagecode="1051" />
      <LocalizedName description="Ogrodje za integracijo kanala različice 2.0" languagecode="1060" />
      <LocalizedName description="Радни оквир интеграције канала, верзија 2.0" languagecode="3098" />
      <LocalizedName description="Radni okvir integracije kanala, verzija 2.0" languagecode="2074" />
      <LocalizedName description="Ramverk för kanalintegration version 2.0" languagecode="1053" />
      <LocalizedName description="เฟรมเวิร์กการรวมช่องทางเวอร์ชัน 2.0" languagecode="1054" />
      <LocalizedName description="Kanal Tümleştirme Çerçevesi sürüm 2.0" languagecode="1055" />
      <LocalizedName description="Інфраструктура інтеграції каналів 2.0" languagecode="1058" />
      <LocalizedName description="Khung tích hợp kênh phiên bản 2.0" languagecode="1066" />
      <LocalizedName description="渠道集成框架版本 2.0" languagecode="2052" />
      <LocalizedName description="管道整合架構 2.0 版" languagecode="3076" />
      <LocalizedName description="管道整合架構 2.0 版" languagecode="1028" />
    </LocalizedNames>
    <Descriptions>
      <Description description="Bring your telephony channels and build immersive experience with Dynamics 365 multisession apps." languagecode="1033" />
      <Description description="إحضار قنوات الهاتفية‬ بك وبناء تجربة غنية باستخدام التطبيقات متعددة الجلسات لـ Dynamics 365." languagecode="1025" />
      <Description description="Използвайте своите телефонни канали и изградете потапящо изживяване с многосесийни приложения на Dynamics 365." languagecode="1026" />
      <Description description="Incorporeu els vostres canals de telefonia i creeu una experiència immersiva amb les aplicacions multisessió del Dynamics 365." languagecode="1027" />
      <Description description="Využijte své telefonní kanály a vytvořte pomocí aplikací Dynamics 365 s více relacemi poutavé prostředí." languagecode="1029" />
      <Description description="Brug dine telefonikanaler, og få en fængslende oplevelse med Dynamics 365-multisessionsapps." languagecode="1030" />
      <Description description="Nutzen Sie Ihre Telefoniekanäle, und erstellen Sie eine immersive Umgebung mit Dynamics 365-Apps für Mehrfachsitzungen." languagecode="1031" />
      <Description description="Μεταφέρετε τα κανάλια τηλεφωνίας σας και δημιουργήστε μια συναρπαστική εμπειρία με τις εφαρμογές πολλών περιόδων λειτουργίας του Dynamics 365." languagecode="1032" />
      <Description description="Traiga sus canales de telefonía y cree una experiencia inmersiva con las aplicaciones de sesiones múltiples de Dynamics 365." languagecode="3082" />
      <Description description="Dynamics 365 mitmeseansilised rakendused ühilduvad teie telefonikanalitega ja pakuvad paeluvaid võimalusi." languagecode="1061" />
      <Description description="Bateratu telefonia-kanalak eta sortu esperientzia murgiltzailea Dynamics 365-en saio anitzeko aplikazioekin." languagecode="1069" />
      <Description description="Liitä puhelinkanavasi ja luo mukaansatempaava kokemus Dynamics 365:n usean istunnon sovelluksilla." languagecode="1035" />
      <Description description="Importer vos canaux de téléphonie et créer une expérience immersive avec les applications multisessions Dynamics 365." languagecode="1036" />
      <Description description="As aplicacións de varias sesións de Dynamics 365 permítenlle incluír as canles de telefonía e crear unha experiencia envolvente." languagecode="1110" />
      <Description description="שלב את ערוצי הטלפוניה שלך וצור חוויה מקיפה עם יישומים מרובי הפעלות של Dynamics 365." languagecode="1037" />
      <Description description="अपने टेलीफ़ोनी चैनल लाएँ और Dynamics 365 मल्टीस्टेशन ऐप के साथ शानदार अनुभव बनाएँ." languagecode="1081" />
      <Description description="Uvedite svoje kanale za telefoniju i izgradite čudesno iskustvo uz aplikacije s više sesija sustava Dynamics 365." languagecode="1050" />
      <Description description="Használja saját telefonos csatornáit, és nyújtson magával ragadó élményt a Dynamics 365 többmenetes alkalmazások segítségével!" languagecode="1038" />
      <Description description="Masukkan saluran telefoni Anda dan buat pengalaman mendalam dengan aplikasi multisesi Dynamics 365." languagecode="1057" />
      <Description description="Usa i tuoi canali di telefonia e crea un'esperienza coinvolgente con le app multisessione di Dynamics 365." languagecode="1040" />
      <Description description="Dynamics 365 マルチセッション アプリでテレフォニー チャネルを追加し、イマーシブなエクスペリエンスを構築します。" languagecode="1041" />
      <Description description="Телефон арналарын алып, Dynamics 365 көпсеанстық бағдарламаларымен бірге иммерсивті тәжірибені құрастырыңыз." languagecode="1087" />
      <Description description="전화 통신 채널을 가져와 Dynamics 365 다중 세션 앱으로 몰입형 환경을 구축하세요." languagecode="1042" />
      <Description description="Pateikite savo telefonijos kanalus ir sukurkite įtraukiančią patirtį naudodami „Dynamics 365“ kelių seansų programas." languagecode="1063" />
      <Description description="Apvienojiet telefonijas kanālus un strādājiet visaptveroši ar Dynamics 365 vairāku sesiju programmām." languagecode="1062" />
      <Description description="Bawa saluran telefoni anda dan bina pengalaman mendalam dengan aplikasi berbilang sesi Dynamics 365." languagecode="1086" />
      <Description description="Ta med telefonikanalene dine og bygg en oppslukende opplevelse med Dynamics 365-apper med flere økter." languagecode="1044" />
      <Description description="Uw telefoniemethoden nemen en een alomvattende ervaring bouwen met Dynamics 365-apps met meerdere sessies." languagecode="1043" />
      <Description description="Zintegruj swoje kanały telefonii i stwórz immersywne środowisko obsługi w wielosesyjnych aplikacjach usługi Dynamics 365." languagecode="1045" />
      <Description description="Traga seus canais de telefonia e crie uma experiência imersiva com os aplicativos do Dynamics 365 de várias sessões." languagecode="1046" />
      <Description description="Tire partido dos seus canais de telefonia e crie experiências envolventes com aplicações multissessão do Dynamics 365." languagecode="2070" />
      <Description description="Aduceți canalele dvs. de telefonie și construiți o experiență imersivă cu aplicațiile multisesiune Dynamics 365." languagecode="1048" />
      <Description description="Подключите свои каналы телефонной связи и повысьте эффективность работы с помощью многосеансных приложений Dynamics 365." languagecode="1049" />
      <Description description="Prineste si svoje kanály Telephony a zostavte imerzné prostredie vďaka aplikáciám viacerých relácií systému Dynamics 365." languagecode="1051" />
      <Description description="Prenesite svoje kanale za telefonijo in ustvarite izjemno izkušnjo z večsejnimi aplikacijami Dynamics 365." languagecode="1060" />
      <Description description="Донесите своје канале телефоније и изградите свеобухватно искуство уз Dynamics 365 апликације за више сесија." languagecode="3098" />
      <Description description="Donesite svoje kanale telefonije i izgradite sveobuhvatno iskustvo uz Dynamics 365 aplikacije za više sesija." languagecode="2074" />
      <Description description="Anslut dina telefonikanaler och skapa intensiva upplevelser med Dynamics 365-apparna för flera sessioner." languagecode="1053" />
      <Description description="นำช่องทางระบบโทรศัพท์มาใช้และสร้างประสบการณ์การใช้งานที่หลากหลายด้วยแอปแบบมัลติเซสชัน Dynamics 365" languagecode="1054" />
      <Description description="Dynamics 365 çok oturumlu uygulamaları ile telefon kanallarınızı taşıyın ve kapsamlı bir deneyim oluşturun." languagecode="1055" />
      <Description description="Об’єднайте всі свої канали телефонного зв’язку та підвищте ефективність роботи за допомогою багатосеансових програм Dynamics 365." languagecode="1058" />
      <Description description="Mang đến các kênh điện thoại và xây dựng trải nghiệm chân thực nhờ các ứng dụng đa phiên của Dynamics 365." languagecode="1066" />
      <Description description="引入您的电话渠道并使用 Dynamics 365 多会话应用构建沉浸式体验。" languagecode="2052" />
      <Description description="引進您的電話管道並透過 Dynamics 365 多重工作階段應用程式建立沈浸式體驗。" languagecode="3076" />
      <Description description="引進您的電話管道並透過 Dynamics 365 多重工作階段應用程式建立沈浸式體驗。" languagecode="1028" />
    </Descriptions>
    <Version>10.3.0.557</Version>
    <Managed>1</Managed>
    <Publisher>
      <UniqueName>microsoftdynamics</UniqueName>
      <LocalizedNames>
        <LocalizedName description="Microsoft Dynamics 365" languagecode="1033" />
        <LocalizedName description="Microsoft Dynamics 365" languagecode="1025" />
        <LocalizedName description="Microsoft Dynamics 365" languagecode="1026" />
        <LocalizedName description="Microsoft Dynamics 365" languagecode="1027" />
        <LocalizedName description="Microsoft Dynamics 365" languagecode="1029" />
        <LocalizedName description="Microsoft Dynamics 365" languagecode="1030" />
        <LocalizedName description="Microsoft Dynamics 365" languagecode="1031" />
        <LocalizedName description="Microsoft Dynamics 365" languagecode="1032" />
        <LocalizedName description="Microsoft Dynamics 365" languagecode="3082" />
        <LocalizedName description="Microsoft Dynamics 365" languagecode="1061" />
        <LocalizedName description="Microsoft Dynamics 365" languagecode="1069" />
        <LocalizedName description="Microsoft Dynamics 365" languagecode="1035" />
        <LocalizedName description="Microsoft Dynamics 365" languagecode="1036" />
        <LocalizedName description="Microsoft Dynamics 365" languagecode="1110" />
        <LocalizedName description="Microsoft Dynamics 365" languagecode="1037" />
        <LocalizedName description="Microsoft Dynamics 365" languagecode="1081" />
        <LocalizedName description="Microsoft Dynamics 365" languagecode="1050" />
        <LocalizedName description="Microsoft Dynamics 365" languagecode="1038" />
        <LocalizedName description="Microsoft Dynamics 365" languagecode="1057" />
        <LocalizedName description="Microsoft Dynamics 365" languagecode="1040" />
        <LocalizedName description="Microsoft Dynamics 365" languagecode="1041" />
        <LocalizedName description="Microsoft Dynamics 365" languagecode="1087" />
        <LocalizedName description="Microsoft Dynamics 365" languagecode="1042" />
        <LocalizedName description="Microsoft Dynamics 365" languagecode="1063" />
        <LocalizedName description="Microsoft Dynamics 365" languagecode="1062" />
        <LocalizedName description="Microsoft Dynamics 365" languagecode="1086" />
        <LocalizedName description="Microsoft Dynamics 365" languagecode="1044" />
        <LocalizedName description="Microsoft Dynamics 365" languagecode="1043" />
        <LocalizedName description="Microsoft Dynamics 365" languagecode="1045" />
        <LocalizedName description="Microsoft Dynamics 365" languagecode="1046" />
        <LocalizedName description="Microsoft Dynamics 365" languagecode="2070" />
        <LocalizedName description="Microsoft Dynamics 365" languagecode="1048" />
        <LocalizedName description="Microsoft Dynamics 365" languagecode="1049" />
        <LocalizedName description="Microsoft Dynamics 365" languagecode="1051" />
        <LocalizedName description="Microsoft Dynamics 365" languagecode="1060" />
        <LocalizedName description="Microsoft Dynamics 365" languagecode="3098" />
        <LocalizedName description="Microsoft Dynamics 365" languagecode="2074" />
        <LocalizedName description="Microsoft Dynamics 365" languagecode="1053" />
        <LocalizedName description="Microsoft Dynamics 365" languagecode="1054" />
        <LocalizedName description="Microsoft Dynamics 365" languagecode="1055" />
        <LocalizedName description="Microsoft Dynamics 365" languagecode="1058" />
        <LocalizedName description="Microsoft Dynamics 365" languagecode="1066" />
        <LocalizedName description="Microsoft Dynamics 365" languagecode="2052" />
        <LocalizedName description="Microsoft Dynamics 365" languagecode="3076" />
        <LocalizedName description="Microsoft Dynamics 365" languagecode="1028" />
      </LocalizedNames>
      <Descriptions />
      <EMailAddress xsi:nil="true"></EMailAddress>
      <SupportingWebsiteUrl xsi:nil="true"></SupportingWebsiteUrl>
      <CustomizationPrefix>msdyn</CustomizationPrefix>
      <CustomizationOptionValuePrefix>19236</CustomizationOptionValuePrefix>
      <Addresses>
        <Address>
          <AddressNumber>1</AddressNumber>
          <AddressTypeCode xsi:nil="true"></AddressTypeCode>
          <City xsi:nil="true"></City>
          <County xsi:nil="true"></County>
          <Country xsi:nil="true"></Country>
          <Fax xsi:nil="true"></Fax>
          <FreightTermsCode xsi:nil="true"></FreightTermsCode>
          <ImportSequenceNumber xsi:nil="true"></ImportSequenceNumber>
          <Latitude xsi:nil="true"></Latitude>
          <Line1 xsi:nil="true"></Line1>
          <Line2 xsi:nil="true"></Line2>
          <Line3 xsi:nil="true"></Line3>
          <Longitude xsi:nil="true"></Longitude>
          <Name xsi:nil="true"></Name>
          <PostalCode xsi:nil="true"></PostalCode>
          <PostOfficeBox xsi:nil="true"></PostOfficeBox>
          <PrimaryContactName xsi:nil="true"></PrimaryContactName>
          <ShippingMethodCode xsi:nil="true"></ShippingMethodCode>
          <StateOrProvince xsi:nil="true"></StateOrProvince>
          <Telephone1 xsi:nil="true"></Telephone1>
          <Telephone2 xsi:nil="true"></Telephone2>
          <Telephone3 xsi:nil="true"></Telephone3>
          <TimeZoneRuleVersionNumber xsi:nil="true"></TimeZoneRuleVersionNumber>
          <UPSZone xsi:nil="true"></UPSZone>
          <UTCOffset xsi:nil="true"></UTCOffset>
          <UTCConversionTimeZoneCode xsi:nil="true"></UTCConversionTimeZoneCode>
        </Address>
        <Address>
          <AddressNumber>2</AddressNumber>
          <AddressTypeCode xsi:nil="true"></AddressTypeCode>
          <City xsi:nil="true"></City>
          <County xsi:nil="true"></County>
          <Country xsi:nil="true"></Country>
          <Fax xsi:nil="true"></Fax>
          <FreightTermsCode xsi:nil="true"></FreightTermsCode>
          <ImportSequenceNumber xsi:nil="true"></ImportSequenceNumber>
          <Latitude xsi:nil="true"></Latitude>
          <Line1 xsi:nil="true"></Line1>
          <Line2 xsi:nil="true"></Line2>
          <Line3 xsi:nil="true"></Line3>
          <Longitude xsi:nil="true"></Longitude>
          <Name xsi:nil="true"></Name>
          <PostalCode xsi:nil="true"></PostalCode>
          <PostOfficeBox xsi:nil="true"></PostOfficeBox>
          <PrimaryContactName xsi:nil="true"></PrimaryContactName>
          <ShippingMethodCode xsi:nil="true"></ShippingMethodCode>
          <StateOrProvince xsi:nil="true"></StateOrProvince>
          <Telephone1 xsi:nil="true"></Telephone1>
          <Telephone2 xsi:nil="true"></Telephone2>
          <Telephone3 xsi:nil="true"></Telephone3>
          <TimeZoneRuleVersionNumber xsi:nil="true"></TimeZoneRuleVersionNumber>
          <UPSZone xsi:nil="true"></UPSZone>
          <UTCOffset xsi:nil="true"></UTCOffset>
          <UTCConversionTimeZoneCode xsi:nil="true"></UTCConversionTimeZoneCode>
        </Address>
      </Addresses>
    </Publisher>
    <RootComponents>
      <RootComponent type="1" schemaName="msdyn_appconfiguration" behavior="0" />
      <RootComponent type="1" schemaName="msdyn_channelprovider" behavior="0" />
      <RootComponent type="1" schemaName="msdyn_sessiontemplate" behavior="0" />
      <RootComponent type="9" schemaName="msdyn_apiversionoptions" behavior="0" />
      <RootComponent type="9" schemaName="msdyn_panelstateoptions" behavior="0" />
      <RootComponent type="60" id="{d54d2584-8562-4e73-93b7-973a224b5958}" behavior="0" />
      <RootComponent type="60" id="{5de0d599-f36d-425a-9c06-b80630d91def}" behavior="0" />
      <RootComponent type="61" schemaName="msdyn_cec_Available.svg" behavior="0" />
      <RootComponent type="61" schemaName="msdyn_cec_Away.svg" behavior="0" />
      <RootComponent type="61" schemaName="msdyn_cec_BusyDND.svg" behavior="0" />
      <RootComponent type="61" schemaName="msdyn_cec_BusyIcon.svg" behavior="0" />
      <RootComponent type="61" schemaName="msdyn_cec_Offline.svg" behavior="0" />
      <RootComponent type="61" schemaName="msdyn_cec_UnknownStatus.svg" behavior="0" />
      <RootComponent type="61" schemaName="msdyn_Failed.svg" behavior="0" />
      <RootComponent type="61" schemaName="msdyn_LoadingSpinner.svg" behavior="0" />
      <RootComponent type="61" schemaName="msdyn_cec_chat_icon_zfp.svg" behavior="0" />
      <RootComponent type="61" schemaName="msdyn_cec_entity_icon_zfp.svg" behavior="0" />
      <RootComponent type="61" schemaName="msdyn_cec_sms_icon_zfp.svg" behavior="0" />
      <RootComponent type="61" schemaName="msdyn_cec_facebook_icon_zfp.svg" behavior="0" />
      <RootComponent type="61" schemaName="msdyn_cec_twitter_icon_zfp.svg" behavior="0" />
      <RootComponent type="61" schemaName="msdyn_cec_custom_icon_zfp.svg" behavior="0" />
      <RootComponent type="61" schemaName="cec_widgets_container.html" behavior="0" />
      <RootComponent type="61" schemaName="cec_widgets_containerStyle.css" behavior="0" />
      <RootComponent type="61" schemaName="Widget/msdyn_ciLibrary.js" behavior="0" />
      <RootComponent type="61" schemaName="CRMClients/msdyn_channelintegrationframework.js" behavior="0" />
      <RootComponent type="61" schemaName="PresenceEventHandlersLib/msdyn_cec_internal_presence_ci_library.js" behavior="0" />
      <RootComponent type="61" schemaName="OpenDialogLib/msdyn_cec_internal_openDialog_ci_library.js" behavior="0" />
      <RootComponent type="61" schemaName="Widget/msdyn_cec_ciLibrary.js" behavior="0" />
      <RootComponent type="61" schemaName="EventHandlersLib/msdyn_deprecated_EventHandlersLib.js" behavior="0" />
      <RootComponent type="61" schemaName="PresenceEventHandlersLib/msdyn_deprecated_internal_presence_ci_library.js" behavior="0" />
      <RootComponent type="61" schemaName="OpenDialogLib/msdyn_deprecated_internal_openDialog_ci_library.js" behavior="0" />
      <RootComponent type="61" schemaName="Localization/CIF_CEC_Strings.1033.resx" behavior="0" />
      <RootComponent type="61" schemaName="Localization/CIF_CEC_Strings.1025.resx" behavior="0" />
      <RootComponent type="61" schemaName="Localization/CIF_CEC_Strings.1026.resx" behavior="0" />
      <RootComponent type="61" schemaName="Localization/CIF_CEC_Strings.1027.resx" behavior="0" />
      <RootComponent type="61" schemaName="Localization/CIF_CEC_Strings.1028.resx" behavior="0" />
      <RootComponent type="61" schemaName="Localization/CIF_CEC_Strings.1029.resx" behavior="0" />
      <RootComponent type="61" schemaName="Localization/CIF_CEC_Strings.1030.resx" behavior="0" />
      <RootComponent type="61" schemaName="Localization/CIF_CEC_Strings.1031.resx" behavior="0" />
      <RootComponent type="61" schemaName="Localization/CIF_CEC_Strings.1032.resx" behavior="0" />
      <RootComponent type="61" schemaName="Localization/CIF_CEC_Strings.1035.resx" behavior="0" />
      <RootComponent type="61" schemaName="Localization/CIF_CEC_Strings.1036.resx" behavior="0" />
      <RootComponent type="61" schemaName="Localization/CIF_CEC_Strings.1037.resx" behavior="0" />
      <RootComponent type="61" schemaName="Localization/CIF_CEC_Strings.1038.resx" behavior="0" />
      <RootComponent type="61" schemaName="Localization/CIF_CEC_Strings.1040.resx" behavior="0" />
      <RootComponent type="61" schemaName="Localization/CIF_CEC_Strings.1041.resx" behavior="0" />
      <RootComponent type="61" schemaName="Localization/CIF_CEC_Strings.1042.resx" behavior="0" />
      <RootComponent type="61" schemaName="Localization/CIF_CEC_Strings.1043.resx" behavior="0" />
      <RootComponent type="61" schemaName="Localization/CIF_CEC_Strings.1044.resx" behavior="0" />
      <RootComponent type="61" schemaName="Localization/CIF_CEC_Strings.1045.resx" behavior="0" />
      <RootComponent type="61" schemaName="Localization/CIF_CEC_Strings.1046.resx" behavior="0" />
      <RootComponent type="61" schemaName="Localization/CIF_CEC_Strings.1048.resx" behavior="0" />
      <RootComponent type="61" schemaName="Localization/CIF_CEC_Strings.1049.resx" behavior="0" />
      <RootComponent type="61" schemaName="Localization/CIF_CEC_Strings.1050.resx" behavior="0" />
      <RootComponent type="61" schemaName="Localization/CIF_CEC_Strings.1051.resx" behavior="0" />
      <RootComponent type="61" schemaName="Localization/CIF_CEC_Strings.1053.resx" behavior="0" />
      <RootComponent type="61" schemaName="Localization/CIF_CEC_Strings.1054.resx" behavior="0" />
      <RootComponent type="61" schemaName="Localization/CIF_CEC_Strings.1055.resx" behavior="0" />
      <RootComponent type="61" schemaName="Localization/CIF_CEC_Strings.1057.resx" behavior="0" />
      <RootComponent type="61" schemaName="Localization/CIF_CEC_Strings.1058.resx" behavior="0" />
      <RootComponent type="61" schemaName="Localization/CIF_CEC_Strings.1060.resx" behavior="0" />
      <RootComponent type="61" schemaName="Localization/CIF_CEC_Strings.1061.resx" behavior="0" />
      <RootComponent type="61" schemaName="Localization/CIF_CEC_Strings.1062.resx" behavior="0" />
      <RootComponent type="61" schemaName="Localization/CIF_CEC_Strings.1063.resx" behavior="0" />
      <RootComponent type="61" schemaName="Localization/CIF_CEC_Strings.1066.resx" behavior="0" />
      <RootComponent type="61" schemaName="Localization/CIF_CEC_Strings.1069.resx" behavior="0" />
      <RootComponent type="61" schemaName="Localization/CIF_CEC_Strings.1081.resx" behavior="0" />
      <RootComponent type="61" schemaName="Localization/CIF_CEC_Strings.1086.resx" behavior="0" />
      <RootComponent type="61" schemaName="Localization/CIF_CEC_Strings.1087.resx" behavior="0" />
      <RootComponent type="61" schemaName="Localization/CIF_CEC_Strings.1110.resx" behavior="0" />
      <RootComponent type="61" schemaName="Localization/CIF_CEC_Strings.2052.resx" behavior="0" />
      <RootComponent type="61" schemaName="Localization/CIF_CEC_Strings.2070.resx" behavior="0" />
      <RootComponent type="61" schemaName="Localization/CIF_CEC_Strings.3076.resx" behavior="0" />
      <RootComponent type="61" schemaName="Localization/CIF_CEC_Strings.3082.resx" behavior="0" />
      <RootComponent type="61" schemaName="Localization/CIF_CEC_Strings.2074.resx" behavior="0" />
      <RootComponent type="61" schemaName="Localization/CIF_CEC_Strings.3098.resx" behavior="0" />
      <RootComponent type="61" schemaName="msdyn_deprecated_dynamics_white_logo.png" behavior="0" />
      <RootComponent type="61" schemaName="msdyn_deprecated_Callprovider.svg" behavior="0" />
      <RootComponent type="61" schemaName="msdyn_deprecated_Defaultprovider.svg" behavior="0" />
      <RootComponent type="61" schemaName="msdyn_deprecated_CIFIcon.svg" behavior="0" />
      <RootComponent type="61" schemaName="msdyn_deprecated_ProviderIcon.svg" behavior="0" />
      <RootComponent type="61" schemaName="deprecated_call_icon.svg" behavior="0" />
      <RootComponent type="61" schemaName="deprecated_case_icon.svg" behavior="0" />
      <RootComponent type="61" schemaName="deprecated_chat_icon.svg" behavior="0" />
      <RootComponent type="61" schemaName="deprecated_sms_icon.svg" behavior="0" />
      <RootComponent type="61" schemaName="msdyn_deprecated_Available.svg" behavior="0" />
      <RootComponent type="61" schemaName="msdyn_deprecated_Away.svg" behavior="0" />
      <RootComponent type="61" schemaName="msdyn_deprecated_BusyDND.svg" behavior="0" />
      <RootComponent type="61" schemaName="msdyn_deprecated_BusyIcon.svg" behavior="0" />
      <RootComponent type="61" schemaName="msdyn_deprecated_Offline.svg" behavior="0" />
      <RootComponent type="61" schemaName="msdyn_deprecated_UnknownStatus.svg" behavior="0" />
      <RootComponent type="61" schemaName="msdyn_deprecated_chat_icon_zfp.svg" behavior="0" />
      <RootComponent type="61" schemaName="msdyn_deprecated_entity_icon_zfp.svg" behavior="0" />
      <RootComponent type="61" schemaName="msdyn_deprecated_sms_icon_zfp.svg" behavior="0" />
      <RootComponent type="61" schemaName="msdyn_deprecated_facebook_icon_zfp.svg" behavior="0" />
      <RootComponent type="61" schemaName="msdyn_deprecated_twitter_icon_zfp.svg" behavior="0" />
      <RootComponent type="61" schemaName="msdyn_deprecated_custom_icon_zfp.svg" behavior="0" />
      <RootComponent type="61" schemaName="msdyn_deprecated_AppTabTemplates.svg" behavior="0" />
      <RootComponent type="61" schemaName="msdyn_deprecated_AppType.svg" behavior="0" />
      <RootComponent type="61" schemaName="msdyn_deprecated_NotificationFields.svg" behavior="0" />
      <RootComponent type="61" schemaName="msdyn_deprecated_NotificationTemplates.svg" behavior="0" />
      <RootComponent type="61" schemaName="msdyn_deprecated_Parameters.svg" behavior="0" />
      <RootComponent type="61" schemaName="msdyn_deprecated_SessionTemplates.svg" behavior="0" />
      <RootComponent type="50" schemaName=":RibbonDiffXml" behavior="0" />
      <RootComponent type="29" id="{0a8e0d95-9552-4975-9d3b-43c087428bd0}" behavior="0" />
      <RootComponent type="91" id="{23f53aad-c9fc-4ccd-8b4a-2d1e38b08bcd}" schemaName="Microsoft.Dynamics.ChannelIntegrationFramework.Plugins, Version=1.0.0.0, Culture=neutral, PublicKeyToken=31bf3856ad364e35" behavior="0" />
      <RootComponent type="92" id="{ad6816ac-adf6-ea11-a815-000d3a569254}" behavior="0" />
      <RootComponent type="92" id="{4fb54978-0350-eb11-a814-00224805d89f}" behavior="0" />
      <RootComponent type="92" id="{7a48f19c-0350-eb11-a814-00224805d89f}" behavior="0" />
    </RootComponents>
    <MissingDependencies />
  </SolutionManifest>
</ImportExportXml>