﻿<?xml version="1.0" encoding="utf-8"?><doc>
  <assembly>
    <name>Microsoft.Xrm.Tooling.PackageDeployment.CrmPackageExtentionBase</name>
  </assembly>
  <members>
    <member name="T:Microsoft.Xrm.Tooling.PackageDeployment.CrmPackageExtentionBase.MyNotifyProps">
      <summary>WPF Helper class.</summary>
    </member>
    <member name="M:Microsoft.Xrm.Tooling.PackageDeployment.CrmPackageExtentionBase.MyNotifyProps.#ctor">
      
    </member>
    <member name="P:Microsoft.Xrm.Tooling.PackageDeployment.CrmPackageExtentionBase.MyNotifyProps.OrganizationName">
      <returns></returns>
    </member>
    <member name="E:Microsoft.Xrm.Tooling.PackageDeployment.CrmPackageExtentionBase.MyNotifyProps.PropertyChanged">
      <summary>Default Event Hook for INotifyPropertyChanged.</summary>
    </member>
    <member name="M:Microsoft.Xrm.Tooling.PackageDeployment.CrmPackageExtentionBase.MyNotifyProps.SetProperty``1(``0@,``0,System.String)">
      <summary>Set property template for My Notify props.</summary>
      <param name="field">ref</param>
      <param name="value">value</param>
      <param name="name">string</param>
      <typeparam name="T"></typeparam>
    </member>
    <member name="T:Microsoft.Xrm.Tooling.PackageDeployment.CrmPackageExtentionBase.IImportExtensions3">
      
    </member>
    <member name="M:Microsoft.Xrm.Tooling.PackageDeployment.CrmPackageExtentionBase.IImportExtensions3.OverrideSolutionImportDecision(System.String,System.Version,System.Version,System.Version,System.Version,Microsoft.Xrm.Tooling.PackageDeployment.CrmPackageExtentionBase.ImportAction)">
      <param name="solutionUniqueName"></param>
      <param name="organizationVersion"></param>
      <param name="packageSolutionVersion"></param>
      <param name="inboundSolutionVersion"></param>
      <param name="deployedSolutionVersion"></param>
      <param name="systemSelectedImportAction"></param>
      <returns></returns>
    </member>
    <member name="T:Microsoft.Xrm.Tooling.PackageDeployment.CrmPackageExtentionBase.ProgressPanelItemStatus">
      <summary>Progress panel item status.</summary>
    </member>
    <member name="F:Microsoft.Xrm.Tooling.PackageDeployment.CrmPackageExtentionBase.ProgressPanelItemStatus.Complete">
      <summary>Describes complete status.</summary>
      <returns></returns>
    </member>
    <member name="F:Microsoft.Xrm.Tooling.PackageDeployment.CrmPackageExtentionBase.ProgressPanelItemStatus.Failed">
      <summary>Describes failed status.</summary>
      <returns></returns>
    </member>
    <member name="F:Microsoft.Xrm.Tooling.PackageDeployment.CrmPackageExtentionBase.ProgressPanelItemStatus.Unknown">
      <summary>Describes unknown status.</summary>
      <returns></returns>
    </member>
    <member name="F:Microsoft.Xrm.Tooling.PackageDeployment.CrmPackageExtentionBase.ProgressPanelItemStatus.Warning">
      <summary>Describes warning status.</summary>
      <returns></returns>
    </member>
    <member name="F:Microsoft.Xrm.Tooling.PackageDeployment.CrmPackageExtentionBase.ProgressPanelItemStatus.Working">
      <summary>Describes working status.</summary>
      <returns></returns>
    </member>
    <member name="T:Microsoft.Xrm.Tooling.PackageDeployment.CrmPackageExtentionBase.ImportAction">
      
    </member>
    <member name="F:Microsoft.Xrm.Tooling.PackageDeployment.CrmPackageExtentionBase.ImportAction.Import">
      <returns></returns>
    </member>
    <member name="F:Microsoft.Xrm.Tooling.PackageDeployment.CrmPackageExtentionBase.ImportAction.SkipLowerVersion">
      <returns></returns>
    </member>
    <member name="F:Microsoft.Xrm.Tooling.PackageDeployment.CrmPackageExtentionBase.ImportAction.SkipOrganizationVersionInCompatible">
      <returns></returns>
    </member>
    <member name="F:Microsoft.Xrm.Tooling.PackageDeployment.CrmPackageExtentionBase.ImportAction.SkipSameVersion">
      <returns></returns>
    </member>
    <member name="F:Microsoft.Xrm.Tooling.PackageDeployment.CrmPackageExtentionBase.ImportAction.UserRequestedSkip">
      <returns></returns>
    </member>
    <member name="F:Microsoft.Xrm.Tooling.PackageDeployment.CrmPackageExtentionBase.ImportAction.UserRequestedUpdateSameVersion">
      <returns></returns>
    </member>
    <member name="T:Microsoft.Xrm.Tooling.PackageDeployment.CrmPackageExtentionBase.IImportExtensions">
      <summary>Describes the interface that an Import plugin must implement.</summary>
    </member>
    <member name="E:Microsoft.Xrm.Tooling.PackageDeployment.CrmPackageExtentionBase.IImportExtensions.AddNewProgressItem">
      <summary>Describes an event for new progress item.</summary>
    </member>
    <member name="P:Microsoft.Xrm.Tooling.PackageDeployment.CrmPackageExtentionBase.IImportExtensions.CrmSvc">
      <summary>Pointer to the CRM service connection.</summary>
      <returns></returns>
    </member>
    <member name="P:Microsoft.Xrm.Tooling.PackageDeployment.CrmPackageExtentionBase.IImportExtensions.GetExtraProgramLaunchLinkText">
      <summary>Returns the launch link text shown on the last page of the package deployer.</summary>
      <returns></returns>
    </member>
    <member name="P:Microsoft.Xrm.Tooling.PackageDeployment.CrmPackageExtentionBase.IImportExtensions.GetImportLongName">
      <summary>Returns the long name of the import.</summary>
      <returns></returns>
    </member>
    <member name="M:Microsoft.Xrm.Tooling.PackageDeployment.CrmPackageExtentionBase.IImportExtensions.GetImportName(System.Boolean)">
      <summary>Gets the import name.</summary>
      <param name="plural">Returns the plural version of the name.</param>
      <returns></returns>
    </member>
    <member name="P:Microsoft.Xrm.Tooling.PackageDeployment.CrmPackageExtentionBase.IImportExtensions.GetImportPackageDescription">
      <summary>Retuns the description of the import package.</summary>
      <returns></returns>
    </member>
    <member name="P:Microsoft.Xrm.Tooling.PackageDeployment.CrmPackageExtentionBase.IImportExtensions.GetImportPackageFolderName">
      <summary>Returns the folder name where the import package lives.</summary>
      <returns></returns>
    </member>
    <member name="M:Microsoft.Xrm.Tooling.PackageDeployment.CrmPackageExtentionBase.IImportExtensions.InitializeExtension">
      <summary>Initialize extension functionality.</summary>
    </member>
    <member name="M:Microsoft.Xrm.Tooling.PackageDeployment.CrmPackageExtentionBase.IImportExtensions.PerApplicationRecordImport(Microsoft.Uii.Common.Entities.ApplicationRecord)">
      <summary>Called for each application that is about to be imported.</summary>
      <param name="app"></param>
      <returns></returns>
    </member>
    <member name="M:Microsoft.Xrm.Tooling.PackageDeployment.CrmPackageExtentionBase.IImportExtensions.PostImport">
      <summary>Called as part of the post Import process.</summary>
      <returns></returns>
    </member>
    <member name="M:Microsoft.Xrm.Tooling.PackageDeployment.CrmPackageExtentionBase.IImportExtensions.PreImport">
      <summary>Called during the preImport Process.</summary>
      <returns></returns>
    </member>
    <member name="P:Microsoft.Xrm.Tooling.PackageDeployment.CrmPackageExtentionBase.IImportExtensions.RootControlDispatcher">
      <summary>Parent dispatcher for displaying UI elements.</summary>
      <returns></returns>
    </member>
    <member name="M:Microsoft.Xrm.Tooling.PackageDeployment.CrmPackageExtentionBase.IImportExtensions.RunSolutionUpgradeMigrationStep(System.String,System.String,System.String,System.Guid,System.Guid)">
      <summary>Is called during a solution upgrade when both solutions, old and Holding, are present in the system.</summary>
      <param name="solutionName">Name of the solution.</param>
      <param name="oldVersion">Old version number.</param>
      <param name="newVersion">New version number.</param>
      <param name="oldSolutionId">Old solution id.</param>
      <param name="newSolutionId">New solution id.</param>
    </member>
    <member name="E:Microsoft.Xrm.Tooling.PackageDeployment.CrmPackageExtentionBase.IImportExtensions.UpdateProgressItem">
      <summary>Describes an event for update progress item.</summary>
    </member>
    <member name="T:Microsoft.Xrm.Tooling.PackageDeployment.CrmPackageExtentionBase.ImportExtension">
      <summary>Extension for package setup import activities.</summary>
    </member>
    <member name="M:Microsoft.Xrm.Tooling.PackageDeployment.CrmPackageExtentionBase.ImportExtension.#ctor">
      
    </member>
    <member name="E:Microsoft.Xrm.Tooling.PackageDeployment.CrmPackageExtentionBase.ImportExtension.AddNewProgressItem">
      <summary>Describes an event for new progress item.</summary>
    </member>
    <member name="M:Microsoft.Xrm.Tooling.PackageDeployment.CrmPackageExtentionBase.ImportExtension.AfterPrimaryImport">
      <summary>Called After all Import steps are complete, allowing for final customizations or tweaking of the CRM instance.</summary>
      <returns></returns>
    </member>
    <member name="M:Microsoft.Xrm.Tooling.PackageDeployment.CrmPackageExtentionBase.ImportExtension.BeforeApplicationRecordImport(Microsoft.Uii.Common.Entities.ApplicationRecord)">
      <summary>Called Before each application record is imported.</summary>
      <param name="app"></param>
      <returns></returns>
    </member>
    <member name="M:Microsoft.Xrm.Tooling.PackageDeployment.CrmPackageExtentionBase.ImportExtension.BeforeImportStage">
      <summary>Called before the Main Import process begins, after solutions and data.</summary>
      <returns></returns>
    </member>
    <member name="M:Microsoft.Xrm.Tooling.PackageDeployment.CrmPackageExtentionBase.ImportExtension.CreateProgressItem(System.String)">
      <summary>Create and add new progress item.</summary>
      <param name="message"></param>
    </member>
    <member name="P:Microsoft.Xrm.Tooling.PackageDeployment.CrmPackageExtentionBase.ImportExtension.CrmSvc">
      <summary>Returns a pointer to the CRM instance.</summary>
      <returns></returns>
    </member>
    <member name="P:Microsoft.Xrm.Tooling.PackageDeployment.CrmPackageExtentionBase.ImportExtension.DataImportBypass">
      <returns></returns>
    </member>
    <member name="P:Microsoft.Xrm.Tooling.PackageDeployment.CrmPackageExtentionBase.ImportExtension.GetExtraProgramLaunchLinkText">
      <summary>Returns the Title Link Text that is show on the completed page.</summary>
      <returns></returns>
    </member>
    <member name="P:Microsoft.Xrm.Tooling.PackageDeployment.CrmPackageExtentionBase.ImportExtension.GetImportLongName">
      <summary>Returns the long name of the import process.</summary>
      <returns></returns>
    </member>
    <member name="M:Microsoft.Xrm.Tooling.PackageDeployment.CrmPackageExtentionBase.ImportExtension.GetImportName(System.Boolean)">
      <summary>Returns the Name of the import project.</summary>
      <param name="plural"></param>
      <returns></returns>
    </member>
    <member name="P:Microsoft.Xrm.Tooling.PackageDeployment.CrmPackageExtentionBase.ImportExtension.GetImportPackageDataFolderName">
      <summary>Returns the name of the Import package data folder.</summary>
      <returns></returns>
    </member>
    <member name="P:Microsoft.Xrm.Tooling.PackageDeployment.CrmPackageExtentionBase.ImportExtension.GetImportPackageDescription">
      <summary>Gets package description import.</summary>
      <returns></returns>
    </member>
    <member name="P:Microsoft.Xrm.Tooling.PackageDeployment.CrmPackageExtentionBase.ImportExtension.GetImportPackageDescriptionText">
      <summary>Description of the import package.</summary>
      <returns></returns>
    </member>
    <member name="P:Microsoft.Xrm.Tooling.PackageDeployment.CrmPackageExtentionBase.ImportExtension.GetImportPackageFolderName">
      <summary>Returns the folder name of the import.</summary>
      <returns></returns>
    </member>
    <member name="P:Microsoft.Xrm.Tooling.PackageDeployment.CrmPackageExtentionBase.ImportExtension.GetLongNameOfImport">
      <summary>Returns the long name of the import process.</summary>
      <returns></returns>
    </member>
    <member name="M:Microsoft.Xrm.Tooling.PackageDeployment.CrmPackageExtentionBase.ImportExtension.GetNameOfImport(System.Boolean)">
      <summary>Returns the Name of the Import project.</summary>
      <param name="plural">if true, return the plural name of the import project</param>
      <returns></returns>
    </member>
    <member name="M:Microsoft.Xrm.Tooling.PackageDeployment.CrmPackageExtentionBase.ImportExtension.GetProcessId(System.String,System.Boolean)">
      <summary>Gets the Id for a Dialog by Name.</summary>
      <param name="name">Dialog name</param>
      <param name="isDialog">Verify is it dailog or not.</param>
      <returns>Process id.</returns>
    </member>
    <member name="M:Microsoft.Xrm.Tooling.PackageDeployment.CrmPackageExtentionBase.ImportExtension.InitializeCustomExtension">
      <summary>Called to Initialize any functions in the Custom Extension.</summary>
    </member>
    <member name="M:Microsoft.Xrm.Tooling.PackageDeployment.CrmPackageExtentionBase.ImportExtension.InitializeExtension">
      <summary>Initialize extension functionality.</summary>
    </member>
    <member name="M:Microsoft.Xrm.Tooling.PackageDeployment.CrmPackageExtentionBase.ImportExtension.IsRoleAssoicatedWithTeam(System.Guid,System.Guid)">
      <summary>Checks to see if the Team is already associated to the requested security role.</summary>
      <param name="guTeamId"></param>
      <param name="guRoleId"></param>
      <returns></returns>
    </member>
    <member name="M:Microsoft.Xrm.Tooling.PackageDeployment.CrmPackageExtentionBase.ImportExtension.IsWorkflowActive(System.Guid)">
      <summary>Is a Workflow Active.</summary>
      <param name="wfId"></param>
      <returns></returns>
    </member>
    <member name="M:Microsoft.Xrm.Tooling.PackageDeployment.CrmPackageExtentionBase.ImportExtension.OverrideConfigurationDataFileLanguage(System.Int32,System.Collections.Generic.List{System.Int32})">
      <param name="selectedLanguage"></param>
      <param name="availableLanguages"></param>
      <returns></returns>
    </member>
    <member name="P:Microsoft.Xrm.Tooling.PackageDeployment.CrmPackageExtentionBase.ImportExtension.OverrideDataImportSafetyChecks">
      <returns></returns>
    </member>
    <member name="M:Microsoft.Xrm.Tooling.PackageDeployment.CrmPackageExtentionBase.ImportExtension.OverrideSolutionImportDecision(System.String,System.Version,System.Version,System.Version,System.Version,Microsoft.Xrm.Tooling.PackageDeployment.CrmPackageExtentionBase.ImportAction)">
      <param name="solutionUniqueName"></param>
      <param name="organizationVersion"></param>
      <param name="packageSolutionVersion"></param>
      <param name="inboundSolutionVersion"></param>
      <param name="deployedSolutionVersion"></param>
      <param name="systemSelectedImportAction"></param>
      <returns></returns>
    </member>
    <member name="F:Microsoft.Xrm.Tooling.PackageDeployment.CrmPackageExtentionBase.ImportExtension.PackageLog">
      <summary>Logging Interface.</summary>
      <returns></returns>
    </member>
    <member name="M:Microsoft.Xrm.Tooling.PackageDeployment.CrmPackageExtentionBase.ImportExtension.PerApplicationRecordImport(Microsoft.Uii.Common.Entities.ApplicationRecord)">
      <summary>Internal Use..&amp;amp;gt; Do not call.</summary>
      <param name="app"></param>
      <returns></returns>
    </member>
    <member name="M:Microsoft.Xrm.Tooling.PackageDeployment.CrmPackageExtentionBase.ImportExtension.PostImport">
      <summary>Internal Use..&amp;amp;gt; Do not call.</summary>
      <returns></returns>
    </member>
    <member name="M:Microsoft.Xrm.Tooling.PackageDeployment.CrmPackageExtentionBase.ImportExtension.PreImport">
      <summary>Internal Use..&amp;amp;gt; Do not call.</summary>
      <returns></returns>
    </member>
    <member name="M:Microsoft.Xrm.Tooling.PackageDeployment.CrmPackageExtentionBase.ImportExtension.PreSolutionImport(System.String,System.Boolean@,System.Boolean@)">
      <param name="solutionName"></param>
      <param name="overwriteUnmanagedCustomizations"></param>
      <param name="publishWorkflowsAndActivatePlugins"></param>
    </member>
    <member name="M:Microsoft.Xrm.Tooling.PackageDeployment.CrmPackageExtentionBase.ImportExtension.PreSolutionImport(System.String,System.Boolean,System.Boolean,System.Boolean@,System.Boolean@)">
      <param name="solutionName"></param>
      <param name="solutionOverwriteUnmanagedCustomizations"></param>
      <param name="solutionPublishWorkflowsAndActivatePlugins"></param>
      <param name="overwriteUnmanagedCustomizations"></param>
      <param name="publishWorkflowsAndActivatePlugins"></param>
    </member>
    <member name="M:Microsoft.Xrm.Tooling.PackageDeployment.CrmPackageExtentionBase.ImportExtension.RaiseFailEvent(System.String,System.Exception)">
      <summary>Raised a failed event to the caller.</summary>
      <param name="message"></param>
      <param name="Ex"></param>
    </member>
    <member name="M:Microsoft.Xrm.Tooling.PackageDeployment.CrmPackageExtentionBase.ImportExtension.RaiseUpdateEvent(System.String,Microsoft.Xrm.Tooling.PackageDeployment.CrmPackageExtentionBase.ProgressPanelItemStatus)">
      <summary>Raise a Status updated event.</summary>
      <param name="message"></param>
      <param name="status"></param>
    </member>
    <member name="P:Microsoft.Xrm.Tooling.PackageDeployment.CrmPackageExtentionBase.ImportExtension.RootControlDispatcher">
      <summary>Parent dispatcher for displaying UI elements.</summary>
      <returns></returns>
    </member>
    <member name="M:Microsoft.Xrm.Tooling.PackageDeployment.CrmPackageExtentionBase.ImportExtension.RunSolutionUpgradeMigrationStep(System.String,System.String,System.String,System.Guid,System.Guid)">
      <summary>Is called during a solution upgrade when both solutions, old and Holding, are present in the system.</summary>
      <param name="solutionName">Name of the solution.</param>
      <param name="oldVersion">Old version number.</param>
      <param name="newVersion">New version number.</param>
      <param name="oldSolutionId">Old solution id.</param>
      <param name="newSolutionId">New solution id.</param>
    </member>
    <member name="P:Microsoft.Xrm.Tooling.PackageDeployment.CrmPackageExtentionBase.ImportExtension.RuntimeSettings">
      <returns></returns>
    </member>
    <member name="E:Microsoft.Xrm.Tooling.PackageDeployment.CrmPackageExtentionBase.ImportExtension.UpdateProgressItem">
      <summary>Describes an event for update progress item.</summary>
    </member>
    <member name="T:Microsoft.Xrm.Tooling.PackageDeployment.CrmPackageExtentionBase.ProdgressDataItemEventArgs">
      <summary>Event args class for Progress data Item.</summary>
    </member>
    <member name="M:Microsoft.Xrm.Tooling.PackageDeployment.CrmPackageExtentionBase.ProdgressDataItemEventArgs.#ctor">
      
    </member>
    <member name="P:Microsoft.Xrm.Tooling.PackageDeployment.CrmPackageExtentionBase.ProdgressDataItemEventArgs.progressItem">
      <summary>Gets or Sets Item Progress.</summary>
      <returns></returns>
    </member>
    <member name="T:Microsoft.Xrm.Tooling.PackageDeployment.CrmPackageExtentionBase.ProgressDataItem">
      <summary>Class for progress panel data items.</summary>
    </member>
    <member name="M:Microsoft.Xrm.Tooling.PackageDeployment.CrmPackageExtentionBase.ProgressDataItem.#ctor">
      
    </member>
    <member name="P:Microsoft.Xrm.Tooling.PackageDeployment.CrmPackageExtentionBase.ProgressDataItem.ItemStatus">
      <summary>Gets or Sets progress panel item status.</summary>
      <returns></returns>
    </member>
    <member name="P:Microsoft.Xrm.Tooling.PackageDeployment.CrmPackageExtentionBase.ProgressDataItem.ItemText">
      <summary>Gets or Sets Item Text.</summary>
      <returns></returns>
    </member>
    <member name="T:Microsoft.Xrm.Tooling.PackageDeployment.CrmPackageExtentionBase.IImportExtensions2">
      <summary>Contains methods and properties for defining how packages are deployed; inherits from <see cref="T:Microsoft.Xrm.Tooling.PackageDeployment.CrmPackageExtentionBase.IImportExtensions"></see>
      interface.</summary>
    </member>
    <member name="P:Microsoft.Xrm.Tooling.PackageDeployment.CrmPackageExtentionBase.IImportExtensions2.DataImportBypass">
      <summary>Gets or sets whether CRM Package Deployer will skip all data import operations such as importing CRM sample data, flat file data, and data exported from the Configuration Migration tool.</summary>
      <returns></returns>
    </member>
    <member name="M:Microsoft.Xrm.Tooling.PackageDeployment.CrmPackageExtentionBase.IImportExtensions2.OverrideConfigurationDataFileLanguage(System.Int32,System.Collections.Generic.List{System.Int32})">
      <summary>Overrides the currently-selected language for the configuration data file import with the user-specified language.</summary>
      <param name="selectedLanguage">Locale ID (LCID) of the language  that will be used for import. If you specify 0, the default language file will be used.</param>
      <param name="availableLanguages">List of languages that are in the package.</param>
      <returns>Requested LCID of the language to be used for  configuration data file import. If the return value is 0, the default language file will be used. If the requested LCID
        is not found, a warning will be logged and the default language file will be used.</returns>
    </member>
    <member name="P:Microsoft.Xrm.Tooling.PackageDeployment.CrmPackageExtentionBase.IImportExtensions2.OverrideDataImportSafetyChecks">
      <summary>Gets or sets whether CRM Package Deployer will bypass some of its safety checks, which helps in improving the solution import performance.</summary>
      <returns></returns>
    </member>
    <member name="M:Microsoft.Xrm.Tooling.PackageDeployment.CrmPackageExtentionBase.IImportExtensions2.PreSolutionImport(System.String,System.Boolean@,System.Boolean@)">
      <summary>Executes before the named solution is imported to allow for any configuration settings
        to be made to the import process.</summary>
      <param name="solutionName">Name of the solution about to be imported.</param>
      <param name="overwriteUnmanagedCustomizations">Indicates whether to overwrite the existing solution in the target CRM instance. Specify true or false.</param>
      <param name="publishWorkflowsAndActivatePlugins">Indicates whether to automatically publish workflows and activate plug-ins as part of the solution deployment. Specify true or false.</param>
    </member>
    <member name="M:Microsoft.Xrm.Tooling.PackageDeployment.CrmPackageExtentionBase.IImportExtensions2.PreSolutionImport(System.String,System.Boolean,System.Boolean,System.Boolean@,System.Boolean@)">
      <param name="solutionName"></param>
      <param name="solutionOverwriteUnmanagedCustomizations"></param>
      <param name="solutionPublishWorkflowsAndActivatePlugins"></param>
      <param name="overwriteUnmanagedCustomizations"></param>
      <param name="publishWorkflowsAndActivatePlugins"></param>
    </member>
    <member name="P:Microsoft.Xrm.Tooling.PackageDeployment.CrmPackageExtentionBase.IImportExtensions2.RuntimeSettings">
      <summary>Gets or sets the runtime parameter settings (key and value) for a package.</summary>
      <returns></returns>
    </member>
    <member name="T:Microsoft.Xrm.Tooling.PackageDeployment.CrmPackageExtentionBase.TraceLogger">
      <summary>Class for Trace logger.</summary>
    </member>
    <member name="M:Microsoft.Xrm.Tooling.PackageDeployment.CrmPackageExtentionBase.TraceLogger.#ctor(System.Diagnostics.TraceSource)">
      <param name="preconfiguredSource"></param>
    </member>
    <member name="M:Microsoft.Xrm.Tooling.PackageDeployment.CrmPackageExtentionBase.TraceLogger.#ctor(System.String)">
      <summary>Constructor.</summary>
      <param name="traceSourceName">trace source name</param>
    </member>
    <member name="P:Microsoft.Xrm.Tooling.PackageDeployment.CrmPackageExtentionBase.TraceLogger.CurrentTraceLevel">
      <summary>Returns the trace source level for the current logger.</summary>
      <returns></returns>
    </member>
    <member name="M:Microsoft.Xrm.Tooling.PackageDeployment.CrmPackageExtentionBase.TraceLogger.GetLogFilePath">
      <returns></returns>
    </member>
    <member name="P:Microsoft.Xrm.Tooling.PackageDeployment.CrmPackageExtentionBase.TraceLogger.LastError">
      <summary>Last Error from CRM.</summary>
      <returns></returns>
    </member>
    <member name="P:Microsoft.Xrm.Tooling.PackageDeployment.CrmPackageExtentionBase.TraceLogger.LastException">
      <summary>Last Exception from CRM .</summary>
      <returns></returns>
    </member>
    <member name="M:Microsoft.Xrm.Tooling.PackageDeployment.CrmPackageExtentionBase.TraceLogger.Log(System.Exception)">
      <summary>Log an error with an Exception.</summary>
      <param name="exception"></param>
    </member>
    <member name="M:Microsoft.Xrm.Tooling.PackageDeployment.CrmPackageExtentionBase.TraceLogger.Log(System.String)">
      <summary>Log a Message.</summary>
      <param name="message"></param>
    </member>
    <member name="M:Microsoft.Xrm.Tooling.PackageDeployment.CrmPackageExtentionBase.TraceLogger.Log(System.String,System.Diagnostics.TraceEventType)">
      <summary>Log a Trace event.</summary>
      <param name="message"></param>
      <param name="eventType"></param>
    </member>
    <member name="M:Microsoft.Xrm.Tooling.PackageDeployment.CrmPackageExtentionBase.TraceLogger.Log(System.String,System.Diagnostics.TraceEventType,System.Exception)">
      <summary>Log a Trace event.</summary>
      <param name="message">Error Message</param>
      <param name="eventType">Trace Event type Information</param>
      <param name="exception">Exception object</param>
    </member>
    <member name="M:Microsoft.Xrm.Tooling.PackageDeployment.CrmPackageExtentionBase.TraceLogger.ResetLastError">
      <summary>Last error reset.</summary>
    </member>
    <member name="T:Microsoft.Xrm.Tooling.PackageDeployment.CrmPackageExtentionBase.ImportProgressStatus">
      <summary>Class for import progress status.</summary>
    </member>
    <member name="M:Microsoft.Xrm.Tooling.PackageDeployment.CrmPackageExtentionBase.ImportProgressStatus.#ctor">
      
    </member>
    <member name="P:Microsoft.Xrm.Tooling.PackageDeployment.CrmPackageExtentionBase.ImportProgressStatus.isCompleted">
      <summary>Gets or Sets status completed or not.</summary>
      <returns></returns>
    </member>
    <member name="P:Microsoft.Xrm.Tooling.PackageDeployment.CrmPackageExtentionBase.ImportProgressStatus.StatusMessage">
      <summary>Gets or Sets message status.</summary>
      <returns></returns>
    </member>
    <member name="T:Microsoft.Xrm.Tooling.PackageDeployment.CrmPackageExtentionBase.UserRequestedImportAction">
      
    </member>
    <member name="F:Microsoft.Xrm.Tooling.PackageDeployment.CrmPackageExtentionBase.UserRequestedImportAction.Default">
      <returns></returns>
    </member>
    <member name="F:Microsoft.Xrm.Tooling.PackageDeployment.CrmPackageExtentionBase.UserRequestedImportAction.ForceUpdate">
      <returns></returns>
    </member>
    <member name="F:Microsoft.Xrm.Tooling.PackageDeployment.CrmPackageExtentionBase.UserRequestedImportAction.Skip">
      <returns></returns>
    </member>
  </members>
</doc>